mean_s1_interval,std_s1_interval,mean_s2_interval,std_s2_interval,mean_systole,std_systole,mean_diastole,std_diastole,systole_rr_ratio,diastole_rr_ratio,systole_diastole_ratio,s1_rate_per_sec,s2_rate_per_sec,s1_rate_local,S1_band_1,S1_band_2,S1_band_3,S1_band_4,S1_band_5,S1_band_6,S1_band_7,S1_band_8,S1_band_9,Systole_band_1,Systole_band_2,Systole_band_3,Systole_band_4,Systole_band_5,Systole_band_6,Systole_band_7,Systole_band_8,Systole_band_9,S2_band_1,S2_band_2,S2_band_3,S2_band_4,S2_band_5,S2_band_6,S2_band_7,S2_band_8,S2_band_9,Diastole_band_1,Diastole_band_2,Diastole_band_3,Diastole_band_4,Diastole_band_5,Diastole_band_6,Diastole_band_7,Diastole_band_8,Diastole_band_9,filename,label
0.515827664399093,0.0538590713247795,0.512247565692944,0.0807770996775692,0.196670668267307,0.0736743506214069,0.315576897425637,0.0467562537329291,0.381272044601206,0.611787461599727,0.623209968383857,1.91353975501995,2.02610091707994,2.05979646562335,0.01124543311658,0.017518719103402,0.0472219077836834,0.0610872317020477,0.0820738337900399,0.113746125739713,0.0896424180914259,0.000907935806117768,0.000145962934396188,0.00308905342097567,0.00614402467488873,0.00551368759411094,0.0117877839270868,0.0150435831160422,0.0284251317644588,0.0195193473978939,0.000655079861717517,0.000255926939009639,0.0109814926303593,0.0228890311139051,0.0417494648007523,0.0550907740422765,0.0785272721406953,0.0932506916934054,0.0716827949954898,0.00129536387193102,0.000283688607574037,0.00878218777215714,0.0132137056652008,0.0304634158843753,0.039515155434226,0.0494270507190391,0.070840665423341,0.0543379232282737,0.000686641224852141,0.000135201032693975,201101070538,normal
0.967800453514739,0.0936442063959842,0.972789115646258,0.0408391830327457,0.311403376165281,0.0494266524688422,0.658253968253968,0.0477059505976105,0.32176403207331,0.680154639175258,0.473074817902404,1,1,1.16242970946579,3.01195344679188,2.73390987125104,1.38508982675414,0.700586695419995,0.463890792912548,0.26294133225762,0.133666475574729,0.01681642043773,0.00430281395290227,0.940880506471546,0.964314228935801,0.352705524744578,0.196279608798518,0.149130428854652,0.102634860850413,0.0438007346599114,0.00378097944142816,0.0026138758082006,1.55591826488958,0.979220176442962,0.341589025221754,0.191980122295901,0.147459475243902,0.147512481940397,0.0981876677627321,0.00496671865536852,0.0026310707621175,1.38969800624452,0.966984347609475,0.434207979327126,0.27091050143484,0.230537608271406,0.196039720621144,0.0862396697514705,0.0310153232029264,0.0232253800340056,201101151127,normal
0.811156462585034,0.199350405769237,0.819637188208617,0.163311457321877,0.209080372889897,0.0803548063513198,0.609365079365079,0.143501881664271,0.257755910892442,0.751230012300123,0.343111838813844,1.25964809830904,1.25964809830904,1.38690875545119,0.131099347638078,0.216927389141009,0.102711108103004,0.102606234170921,0.0834143851737376,0.079171667930754,0.0621330981152928,0.00153430981936622,0.000314009642661013,0.0404908384268373,0.0967811144479295,0.0242958707081388,0.0184842460452632,0.0366218858977948,0.0237558328818635,0.0215425235295747,0.00115475751466378,0.000274817542251299,0.118562005664982,0.204883703795328,0.0944803857446772,0.0924439545149906,0.0799529318832906,0.0702033342473852,0.0527847849780787,0.00146315117778754,0.000243249744526905,0.0741512840952617,0.103918718118047,0.0570911453033907,0.0496999989454669,0.0645362520001001,0.0614032298797924,0.0409307210833229,0.00241213814273261,0.00103586426635093,201102081152,normal
0.588124890982034,0.0228631547822726,0.590907029478458,0.013487851626354,0.245442176870748,0.0111401043972116,0.342682714111286,0.0137081765787895,0.417330027404411,0.582669972595589,0.716237402015677,1.77471930459978,1.64795363998551,1.83111290379984,0.279195928258126,0.639211455797523,0.299465621009483,0.194301280707959,0.153704442707898,0.144070464110467,0.091551313966064,0.0022602102643618,0.000511613543192842,0.071958583856798,0.104780872179754,0.0512071663168194,0.0815352486894726,0.059257096895083,0.0550031140482654,0.0258536669872674,0.00174334642681999,0.000449217837862278,0.0798791772750544,0.154092104199056,0.12339474648169,0.117525548333156,0.0766214225291928,0.0979428356344083,0.0589602299959372,0.00178930021032775,0.000487221555530078,0.0680881344228046,0.113238807696969,0.0619438132494052,0.0746085362013652,0.0638853835739859,0.0549945422146808,0.0361900691314363,0.00161568019065791,0.00046822600983949,201102081321,normal
0.76453514739229,0.0192026088179853,0.764063492063492,0.0148420500270255,0.301315192743764,0.0121050891442456,0.463219954648526,0.0149399622563422,0.394115553446435,0.605884446553565,0.650479733698845,1.33333333333333,1.22222222222222,1.426892007032,0.00955179795898531,0.0176810639064136,0.0306351746241481,0.0349553460466173,0.0326260842973842,0.0626086808562131,0.0323198826239355,0.000516296038860353,0.000129582121803792,0.00296186856417605,0.00436810778516711,0.00617628573012745,0.00863501135522914,0.0118410730992713,0.0145577972465848,0.00904120606808837,0.000305846635934302,3.48795745061939e-05,0.0150752869995491,0.0203727060367999,0.0445367099913103,0.090067183690946,0.0741306822346123,0.105031582690698,0.104044849646208,0.000608470472811582,3.10501963292228e-05,0.00115605655459236,0.00136828145833523,0.00191211875926128,0.0019526883421632,0.00365555060938625,0.00499324900331956,0.00501827839784232,0.00016683519074908,5.48994740268615e-05,201102201230,normal
0.723926141885326,0.0429985139252687,0.718616780045351,0.0326312330308711,0.307052154195011,0.0190784300451661,0.41156462585034,0.0380112298145494,0.424148454420162,0.5685174246899,0.746060606060606,1.27304874968426,1.4321798433948,1.57869301401493,0.0439357057994721,0.0975316919548518,0.0911275206051802,0.171191887166913,0.148338636329091,0.135672437977124,0.0936269592639441,0.00129841894387058,0.000206538480506744,0.0125011531131843,0.012159946369094,0.0290884955135453,0.0347222020713414,0.0333972050554358,0.0517771369889777,0.0395832100483977,0.00122538880316057,7.60950952976813e-05,0.0211374596980079,0.0474722153075873,0.0311090386510676,0.0732183261471099,0.113174755248832,0.0837557625843914,0.0887075183615103,0.000981423356422171,0.000101678674393718,0.00821812488754749,0.0159095468349035,0.0294750926181997,0.0375867358430393,0.042840344795139,0.051283439613339,0.039947412805654,0.000778519801698907,0.000182990602031497,201102260502,normal
0.925452254976065,0.0578515148759924,0.925784832451499,0.0580969157883896,0.344517006802721,0.00399231520420007,0.580791131267322,0.0564456581604696,0.372268806899856,0.627575467177767,0.59318572246612,1.11111111111111,1.11111111111111,1.20061419174979,0.00438910989805164,0.00378082065619213,0.00839333781298838,0.0164573986871995,0.0312655643661381,0.0485878421027366,0.0686589473725752,0.00273438821134383,1.68554832906455e-05,0.00301282892852355,0.00395617977574688,0.00501990091394614,0.00650242209507323,0.00758743479385914,0.00890908608586988,0.00930372792501148,0.000731042697778129,0.000137759613272064,0.00438416431214536,0.0041236592697469,0.00562411892195775,0.00789819044247589,0.0163789178033635,0.0344710831469711,0.0239299333634515,0.00127595776437826,0.000143694381980048,0.00164019415752762,0.00212837254046053,0.00201165323176447,0.00221459620491271,0.00234924026218963,0.00346537350503612,0.00388666836041987,0.000329410046242988,9.44750732453221e-05,201102270940,normal
0.614187452758881,0.0316211451310346,0.613605442176871,0.0279429859674209,0.28596546310832,0.00816210236498012,0.327921390778534,0.0308823669145367,0.465599650112984,0.533910924597266,0.872054922764861,1.62217682378174,1.62217682378174,1.76384803770752,0.510565345397696,0.359493853941723,0.40178378317146,0.15273547720433,0.215989364099607,0.168745726598183,0.0370632108463416,0.000639312197773623,0.000167903072634185,0.00596492999778649,0.0093817288271657,0.0112836965086914,0.0105611122187751,0.00834642385437703,0.00714879607800347,0.00477418092601071,0.000188561717833507,7.23172908616289e-05,0.0894421211180191,0.259684946718667,0.296306731040148,0.169992060542875,0.10235017146317,0.10223159431729,0.0371393222808009,0.00066471360452082,6.4624292124857e-05,0.0152464005206464,0.0171342354524408,0.0165644726833281,0.0179282343880041,0.01641425675476,0.0175725594206553,0.0123370304538799,0.000567344221209575,0.000151190805051485,201103090635,normal
0.919909297052154,0.0318259441242815,0.917137818090199,0.0246814167491315,0.291337868480726,0.015456804284184,0.627573696145125,0.0239317168244978,0.316702819956616,0.682212581344902,0.46422893481717,1.11111111111111,1.11111111111111,1.20784855058174,5.43077590381239,2.18285050741733,1.69871251819485,0.578574197270802,0.309086269714328,0.228114595648146,0.0934894073966898,0.00397632503453293,0.00254787789714906,0.116247507121483,0.0591047343117395,0.0372385024091503,0.0279182076166093,0.0155304497520199,0.0130088927954285,0.00742122209186295,0.00308744856559005,0.00242666047228909,1.41755412243255,0.545663342920112,0.167332185284183,0.0416634962821451,0.0302914609297669,0.0272390027623305,0.00921750660274556,0.0033312689903203,0.00269247057518043,0.124907984928962,0.0610764969623651,0.0255646511816781,0.018183794799058,0.0130423513577564,0.00756708555918613,0.00561968747584652,0.00168911443469845,0.00134870116887442,201103101140,normal
0.87257243638196,0.0529012539924841,0.875122197026959,0.0511707490741146,0.325360544217687,0.00936487621462713,0.547976820357773,0.0501373643076494,0.372875111167577,0.628001524583916,0.593748735585677,1.11111111111111,1.11111111111111,1.2733740659036,0.0239244687309849,0.0330138469584309,0.114031440802712,0.140279928199588,0.172792687879226,0.276142720405263,0.0945390340666749,0.000887528221627834,3.16657427259652e-05,0.00203683170367013,0.00271765979824436,0.00399316863032424,0.00446894440224057,0.00546169515304763,0.00744049448204866,0.00518790515548891,0.000379373313390086,2.31401910411662e-05,0.00717313165592925,0.00656982117134599,0.00725821208364177,0.0110456111228184,0.0108342003434033,0.0113632868324269,0.0242607418274199,0.000894471022497152,1.83168904171717e-05,0.00183090927557612,0.00276762190434765,0.00265586167434468,0.00312263983898631,0.00434921306074851,0.00444373021760438,0.00513406426570737,0.000784948084916656,0.000188349018516991,201103140132,normal
0.962384191771947,0.116525376298993,0.959676060900551,0.0795029120749651,0.445861678004535,0.0333966352734178,0.51354713313897,0.0943401854503717,0.46328865521327,0.533619668246446,0.868200111018595,1.00665970450771,1.00665970450771,1.18752692804825,0.0118056476345752,0.0275793596564405,0.0664795591282845,0.181258343938614,0.245104342933595,0.170808499092242,0.0655265880220776,0.00229779206239312,0.000319975598264145,0.00567212837001815,0.00929978711992565,0.00887443388226,0.0116516970263632,0.0196266746885852,0.0205067952055832,0.0251469485603164,0.00146992344255343,0.000544612418462027,0.00204479724732506,0.00268313665795766,0.00382223939310205,0.0030617641536184,0.0031892297501256,0.00796929164471758,0.00777366846397585,0.000203151323999593,1.75074817223198e-05,0.00383933780899833,0.00501248105976519,0.00678459191788983,0.0101914215429772,0.0136440563265519,0.0119933100051463,0.00913445302276986,0.000395550723528475,8.02006119201079e-05,201103140135,normal
0.877630385487528,0.0397841616098944,0.876632653061224,0.0607082907301859,0.33800957420005,0.031344434604585,0.539274376417234,0.0535465965692795,0.385138869151943,0.614466391928378,0.626785897831226,1.12304549338736,1.12304549338736,1.28186081362151,0.391582937299017,0.8607688855355,1.63897834928576,1.62405333253703,2.19197606233277,1.75969815219603,0.574861381571675,0.0207271278609837,0.00147309109642309,0.0485638574617619,0.130434848546195,0.186204847912192,0.291376511421726,0.263462265248911,0.31864732099869,0.236375709662664,0.00870739156383755,0.00188149092793358,0.0506204296145553,0.107265876176035,0.172461677682407,0.240121398158182,0.337308641860614,0.443952640775214,0.394738815289003,0.013504634782333,0.00160097619638266,0.0362295047693088,0.0982898886507846,0.137701976817184,0.18643620413831,0.219265170055617,0.221965584806046,0.163033127098236,0.0166515435837552,0.00849359092180836,201103140822,normal
0.863238095238095,0.106469265084208,0.835700680272109,0.0518099776045756,0.328526077097506,0.0824045940462322,0.53059410430839,0.0489121863853965,0.380574118438196,0.614655570966251,0.619166467229649,1.22222222222222,1.22222222222222,1.27427184466019,0.0559861364550494,0.0790872465624976,0.114654503316136,0.0937803095867865,0.0790317353813939,0.0988017301686805,0.0742473938067332,0.00308900295719902,0.000888732260336347,0.0186894535935164,0.0373895040121875,0.043427984738642,0.0475013444077936,0.058203054695512,0.0910084507510258,0.0866466008318413,0.00226710476238324,0.000482380175999672,0.088253466551909,0.194838402242534,0.207275665394609,0.203452861487928,0.348015861903347,0.450976483812539,0.258486613430111,0.00545168477089446,0.000435483543150657,0.0242950596417202,0.0429882572376155,0.0576502127799586,0.051379119391119,0.0716536438638804,0.09483300139093,0.0651682110599649,0.00409936173689954,0.00144757705298191,201103151912,normal
0.786102292768959,0.0174706084922895,0.782421768707483,0.018870951204567,0.277768707482993,0.00548903985230069,0.50465306122449,0.016580913452671,0.35334931603441,0.641968692709068,0.550415183867141,1.24523155377226,1.36975470914949,1.41344341739208,0.0126439813886941,0.0177910808704075,0.0269907655302992,0.064930357562732,0.10962722703834,0.13899180892422,0.12373593098522,0.00442427634925143,9.42611190249033e-05,0.00343846149033701,0.00304833352440302,0.00788445657505659,0.0177771951858975,0.0243540925773103,0.027427598489069,0.00997794391323852,0.00042209417221711,7.0642888043019e-05,0.0135629716553592,0.0263243625987471,0.100136247435137,0.354010483448985,0.808188089090449,1.37371572014631,1.26897157595714,0.028938782037534,0.000309513809537655,0.00362445882540761,0.00645720932187742,0.00960624525839024,0.0120399031200808,0.0124420295599295,0.0130435454788313,0.00940492979305755,0.0002108556045998,6.28505759917028e-05,201103170121,normal
0.607619047619048,0.0186658645145185,0.613006802721088,0.00812401751815139,0.252226757369614,0.0116653653285227,0.360780045351474,0.0114977569668765,0.415106732348112,0.59376026272578,0.699115044247787,1.44365805273117,1.7323896632774,2.05721003134796,0.0137764200746405,0.0139955344851752,0.0497087143334867,0.0386127045554711,0.0447684864602181,0.0401206340691577,0.033984994539154,0.000353511770116232,0.00010677772389905,0.00121719344898632,0.00166802994976983,0.00293218358875882,0.00421500054955168,0.0040064627533272,0.00545896831396286,0.00574078620726035,9.09921288958322e-05,1.76595537053124e-05,0.00327142195504074,0.00601987927340875,0.00743243837905697,0.0149052724003414,0.0167404855069872,0.0178187090532896,0.0088711704463907,0.00018836850910491,2.69633016093888e-05,0.00215500446925619,0.00291933122076597,0.0032180744477159,0.00435735414587877,0.00767090211762023,0.00929939248062969,0.00793031650460323,0.000234664369646101,5.13881977064831e-05,201103221214,normal
0.920685311161502,0.0687436515431999,0.912370874275636,0.0675611311644281,0.470486268581507,0.0613992876270473,0.446684807256236,0.0234274806814071,0.51101745936183,0.485165562913907,1.05328468964833,1.11111111111111,1.11111111111111,1.20683049641508,0.10781851787845,0.140797838327155,0.162958009912671,0.192298754489416,0.187436392601825,0.219116212017745,0.140714223112213,0.00368952112702206,0.000606236563294278,0.0758590099562234,0.1065217032946,0.164836779538373,0.287115562012227,0.23008507992676,0.304795626778373,0.244930082686536,0.00569931896529376,0.00159166188012705,0.107658873699312,0.138016885451527,0.186975972758746,0.235019524572542,0.191296876082364,0.260060643707144,0.139848653830597,0.00233243851674537,0.000406218495546654,0.085035700799954,0.110960782451946,0.156030492449849,0.274552352248705,0.180538257457039,0.248680040828358,0.212099684882135,0.00317563800279004,0.000411937540250736,201104122156,normal
0.732335600907029,0.0240441094512734,0.731637188208617,0.0149330619614769,0.280462585034014,0.0125892765440205,0.451174603174603,0.0182693740554384,0.382970027247956,0.616076294277929,0.621627598407784,1.30926191472875,1.44018810620163,1.51721575427297,0.0135356775341125,0.030764268248996,0.0751372389075291,0.117338732175042,0.107840090852556,0.0692734194795024,0.0374111213115225,0.000970084585833519,3.47842510299682e-05,0.00186230256546838,0.0028973707927607,0.00442887159531436,0.00565677873070573,0.00993356312295217,0.0123386830267852,0.0140220742522636,0.000555080964217107,1.7470822222034e-05,0.0140782840397873,0.0160219078659035,0.0240338305094766,0.0418889835223194,0.0807443894521649,0.123214077147758,0.063376020951327,0.000725696293663454,2.35224333150662e-05,0.0094706008542214,0.0120558538417529,0.0166878625893369,0.0290087015831591,0.0461033363613298,0.0596557573346934,0.0579549190207555,0.00457959362918981,0.000840623581381401,201104141251,normal
0.92265306122449,0.00935576049908475,0.923345930964979,0.0154818297729863,0.458624338624339,0.00885399695429885,0.46472159234064,0.0101231470178363,0.497071280526268,0.503679673184945,0.986879770992367,1,1.11111111111111,1.2193098871931,0.0622980200829358,0.145028610662088,0.250737530571214,0.441363183918323,0.706033614737493,0.392540849459625,0.14947223398636,0.00535888904302567,0.0015946394026911,0.0528194164789578,0.0735297795622715,0.180035132023012,0.58701195999439,0.817737607536763,0.806545447925806,0.432991566412481,0.00687764147267,0.00177809147303421,0.0639996875931227,0.154932791919445,0.224537663954599,0.411715786421393,0.657443093108524,0.350686281254424,0.165074192946281,0.00403054124163334,0.00158798591589366,0.0518558629797921,0.0859331642831269,0.209908164979406,0.596011009249782,0.769794953067177,0.771547063940186,0.422643253634272,0.00585674705359095,0.000859077399646135,201105011626,normal
1.14340136054422,0.134312721811063,1.14390022675737,0.13011555534766,0.333670229996761,0.00511533379706343,0.809493575207861,0.13231100707769,0.291822488157567,0.707969749854567,0.412196267167508,0.875305165916689,0.875305165916689,1.02034745359353,1.00132942957559,1.14920200469241,0.973721646914958,0.663559617680573,0.549153451445581,0.259961129509404,0.111454882321359,0.00368150092812514,0.00091413758454165,0.193750412490563,0.35415030638902,0.346100905284811,0.336086970250015,0.389975594342641,0.292240795147518,0.167977973773131,0.00671262114419395,0.0028100781189185,0.415129603561419,0.472946002220528,0.732825398996538,0.539976505610133,0.401415220824706,0.332546946497991,0.102959676089915,0.00578855399919136,0.00273618411354236,0.10086335861015,0.104386125753726,0.106947118202652,0.131504575195796,0.142476628692769,0.0908706781394124,0.0489196130771774,0.00419186760393756,0.00250346360967507,201105021654,normal
0.581107871720117,0.0145256972951656,0.585934996220711,0.0340786328694101,0.220299319727891,0.0130372309583211,0.365635676492819,0.0250055674842793,0.379102281089036,0.629204480418608,0.602510460251046,1.66666666666667,1.77777777777778,1.84376881396749,0.0562338426626535,0.0647757122743301,0.172804803342156,0.204852496583086,0.25936289484881,0.23114210537307,0.201362575843261,0.00551518110105972,0.000815271128836065,0.0133074199857414,0.0215156588011108,0.0283407131933525,0.0577542316380571,0.0939314943601777,0.0721872432970575,0.0666231293118107,0.00269030108588737,0.000675487177472257,0.0643294587218775,0.136025378377065,0.192948778743419,0.452865581884098,0.743468821943533,0.69831540977706,0.587780324555547,0.00864528354124305,0.000555350497801121,0.0197632462240186,0.033132046158178,0.0536644699726877,0.0806431952038861,0.125778376791876,0.122817329936608,0.122502508131337,0.00320634467480784,0.000811411657501903,201105021804,normal
0.774614512471655,0.0344426775555197,0.769029982363316,0.0376892607815583,0.329805996472663,0.00454792857575057,0.439223985890653,0.0359626067806989,0.425767902824738,0.567022665879533,0.750883392226148,1.19401458448653,1.32668287165171,1.45233529954187,0.0189547632729385,0.0250721386688215,0.0585621723101418,0.111898287572715,0.17449248557359,0.151904214363609,0.111072708408038,0.00215823946799572,0.000182891789742875,0.00844670661852791,0.00594093452855796,0.00841975814579531,0.0151424140832668,0.0217120563075005,0.0297626142852644,0.0237480952954551,0.000865271696426476,0.000130687608612559,0.0127128339968483,0.0147723513827124,0.0401952261108935,0.0785704942807681,0.215769425164935,0.180812942855067,0.0543932032056645,0.00112857323741975,0.000119434173025678,0.00701291975094358,0.0095887473040912,0.0131415735357533,0.021978514934558,0.0334179966479583,0.0377641345911142,0.039570486270676,0.00126033309284343,0.000195866067497205,201105151450,normal
0.789006802721089,0.0599569949558167,0.785049130763416,0.0484261812525584,0.290506424792139,0.0287888022516746,0.494542705971277,0.0482707306117148,0.368192547631091,0.626791434833923,0.587424344317417,1.20875456252313,1.41021365627698,1.52089943440475,0.437609259349998,0.864183954038932,1.47064386958798,1.71272058933749,1.53039971866946,0.853774574944966,0.382766448120047,0.00973317636203074,0.00345018999089053,0.352015405948956,0.605004928641017,0.899165179195502,0.921140892745291,0.865901269094852,0.888890266527799,0.280341339279833,0.00566906061208722,0.00161372187455136,0.495401493703366,0.915329640070309,2.12029091784219,2.45963086525168,2.23860347060776,1.83571568693516,0.505269030080187,0.00771193066707401,0.00249330198719511,0.337781314118142,0.824508737873487,0.913845897716518,0.894218918380048,0.893244832325712,0.551127817652969,0.241275067778796,0.0125839257167088,0.00772840159570715,201106111136,normal
0.605,0.00854857668539655,0.605956160241874,0.0161651128531713,0.245442176870748,0.0184984542762022,0.360513983371126,0.014215498896737,0.405689548546691,0.595890881605167,0.680811808118081,1.5654087653425,1.73934307260278,1.8595041322314,0.0532534390366968,0.0659102966935422,0.10344735473108,0.218507133097525,0.198527165368038,0.18083571553348,0.0785690578386493,0.00276811519709776,0.000998857411123483,0.0143311429696067,0.0203902005206902,0.0285936893542789,0.057571824017522,0.0521647864161374,0.0616020868663342,0.0337509846513896,0.00189280262499839,0.00095001212913911,0.0432267801112019,0.171533717307819,0.334030083417956,0.42458918349779,0.497857326735523,0.350832555840343,0.253483789422448,0.00546097712146908,0.000854490789750496,0.0182638261659357,0.0368890733605316,0.0993120944128053,0.125475273699844,0.133664870471947,0.184985521590868,0.120501618100073,0.00535148583626812,0.000699980542042783,201106141148,normal
0.833979591836735,0.0101390361071375,0.835102040816327,0.011506411659082,0.312179390274628,0.00374795780394339,0.522922650541698,0.00988264474915442,0.374324975491418,0.627020919528771,0.596989612041552,1.15806458201426,1.28673842446028,1.34895387250704,0.0093936092754024,0.0123483307773701,0.0459456186948082,0.0459612670154676,0.0650972854649567,0.110570985706948,0.115534162493209,0.00369376689273143,0.00011674233360907,0.00953894247209676,0.0110624416308158,0.0135535932050161,0.0160659531509278,0.0192021359879046,0.0278325832539738,0.0202884978957987,0.000623419875892758,0.000192293418698453,0.368822534664706,0.427818115247138,0.520078748134612,0.605538803720784,0.452617738687913,0.324547741343111,0.422452314249853,0.0598802749036917,0.000213980558846747,0.00223554233255811,0.0027345410209235,0.00407803849398962,0.00539204197448866,0.00708067651394584,0.0101618027060903,0.00836983379205522,0.000414436618401603,0.00016004365563365,201106151236,normal
0.76625850340136,0.0395753221676985,0.770534499514091,0.0373215693529666,0.297074829931973,0.0133620602458305,0.471927437641723,0.0370864895759221,0.3876953125,0.615885416666667,0.629492600422833,1.36761678819384,1.36761678819384,1.49147727272727,3.86373042723908,2.09918058357602,0.75355737766059,0.894651934058979,0.81759951943079,0.335498040453609,0.0818048209519594,0.00430265882912324,0.00199314087197056,0.356007795092782,0.370609959799687,0.333547508360673,0.155107530875029,0.123347821417501,0.0541783741922558,0.0300430373780079,0.00230358152800833,0.0013500713560267,2.16285596899744,1.50287321845295,0.662395738660844,0.298920069897693,0.529445618024581,0.278710052900611,0.0429989953647873,0.00277968482335949,0.00115299928319884,0.371862214051952,0.390849892648026,0.264909181215464,0.181616484582423,0.165063907801737,0.0866149166514879,0.0513689098089081,0.00466004943571733,0.00308087427101504,201106210943,normal
0.751666666666667,0.055748000381838,0.754285714285714,0.0465712384472746,0.283688586545729,0.0233829402445057,0.470597127739985,0.0453940842909208,0.377412753719374,0.626071566838117,0.602826855123674,1.28520220320378,1.4280024480042,1.49667405764967,1.8861929531591,1.40272334135066,0.691843842702153,0.566315813768865,0.418537511215812,0.217219572843326,0.0906736771216371,0.00319829957393359,0.00207103805199039,0.169024857319562,0.126467319714896,0.102083216027275,0.0640717811016958,0.0551172484003512,0.0431144505776261,0.0186945124838006,0.00234306041092872,0.00160790916755382,0.563233072695059,0.528380058240022,0.317279443908414,0.167504128067707,0.151526514120841,0.109630748350214,0.0199178983921116,0.0022901347108394,0.00157027660650955,0.262189261436222,0.217816454239579,0.133754756900511,0.0988512750065648,0.0687649090514821,0.0548431095572769,0.0322173787138583,0.00325381541858433,0.00251473359064802,201106221418,normal
0.826222222222222,0.0221978959926133,0.825823129251701,0.0173071349837141,0.321360544217687,0.00579122518016399,0.50485260770975,0.0178107581229271,0.388951707633027,0.611037314334018,0.636543298598635,1.22222222222222,1.22222222222222,1.33136094674556,0.0645857288801323,0.399457838043693,1.34568215000923,1.075552849649,0.39926196328523,0.684924876000415,0.186493109865371,0.00358172252765997,0.00147304241078262,0.0223054005337043,0.0327155055332898,0.0579367207104738,0.100106624471238,0.124252084542635,0.175764133712689,0.110863135922043,0.00258841579645006,0.000559456377161389,0.0360076569644105,0.377468393812431,0.542938312117374,0.789207229814167,0.879044036513928,1.27125450092138,0.88383590898533,0.00986321514257192,0.000476990347075066,0.027740188966222,0.0361075436588047,0.0615647451481363,0.0986259292814918,0.14017584391125,0.136605823261137,0.101065561220157,0.0051296196956288,0.00275275435382439,201106221450,normal
0.818764172335601,0.000516375588623637,0.81880574452003,0.000498866213152075,0.317278911564626,0.000498866213151983,0.501526832955404,0.000498866213151927,0.387509520182788,0.612541254125412,0.632625994694961,1.13413609633156,1.26015121814618,1.37402201758637,6.07039064437081,4.05392847085844,0.555589512383627,0.268592633355426,0.515306562562312,0.134233679193766,0.118332628532169,0.00225788397653229,0.00151328378818787,0.0711384642855367,0.0780233209268363,0.0461846532686205,0.0303631627475421,0.0377144183445184,0.0249407267699422,0.0185891253992932,0.000915921354656384,0.000445912090632859,1.85786303089638,1.4929794123533,0.638550347842919,0.200669723175032,0.173499028615961,0.0839665402337205,0.0500749901230724,0.000918161900707488,0.000559004153682917,0.0740172146100735,0.0957781205792479,0.065169384178095,0.0327353336901986,0.0639473597593759,0.0339046689888726,0.0228310952982941,0.00202532505192168,0.00137924472159332,201108011112,normal
1.023530936184,0.00037710741071228,1.02350718065004,0.000407322557378811,0.34421768707483,3.06570352914461e-16,0.679313249109167,0.000377107410712259,0.336304135914218,0.663695864085782,0.506714225765841,1.00812097451694,0.882105852702324,1.11658290184958,1.37178505131082,1.02117053808586,0.123962300784806,0.0620041828710991,0.115939750867318,0.052684038713348,0.0234400240751257,0.00123539392519681,0.000822121416206772,0.0534687186746792,0.0757394520112417,0.0488345970984645,0.0373982383195135,0.0440446812207744,0.0325767586499661,0.0185203879338596,0.00204703224444356,0.00150173294313818,3.72055068909432,2.33024587265377,0.815143742132843,0.217845535616784,0.220054622713423,0.107785146480802,0.109389184841784,0.00234952077521309,0.00168888758215126,0.0406662429143887,0.0915251704217112,0.0647549699557538,0.0317502167723919,0.0416983557279729,0.025664228618065,0.0182193090333831,0.00259180308461632,0.00156980251025541,201108011114,normal
0.81880574452003,0.000498866213151742,0.81880574452003,0.000498866213151863,0.318498362307886,0.000439958645830825,0.500362811791383,0.000525851160420999,0.388979149742756,0.611088545897644,0.63653483992467,1.26015121814618,1.26015121814618,1.35698988257883,1.14473604062104,0.805614857854198,0.150126224822354,0.0500707927107476,0.0623061720548634,0.0396515026515887,0.0188966858521164,0.00307663840577177,0.00242182831132091,0.0581156576547207,0.099787746520277,0.0450608159026166,0.0290819022887128,0.0502157434956552,0.0303726125562658,0.0154627648561445,0.00200139621567476,0.00146708966333293,4.13723219541588,2.76791135471569,1.08049850721368,0.31460701064688,0.295786580573071,0.158824067559515,0.13996552709048,0.0027242621172574,0.00168313619508875,0.0688508143104892,0.105109841826346,0.0676912207775666,0.0316514971347059,0.0641208508418508,0.0325840445950317,0.0227881990880509,0.00301112783609748,0.00207625161039809,201108011115,normal
0.66530612244898,0.00040360263875357,0.66530612244898,0.000403602638753575,0.292335600907029,0,0.37297052154195,0.000403602638753573,0.439400136332652,0.560599863667348,0.783803501945525,1.51218146177541,1.51218146177541,1.63970998326827,4.77880681814424,3.16574325107351,0.436789353506571,0.192837196216156,0.364368194983861,0.106423278266153,0.0653169503025385,0.00409465571465845,0.0029306704464885,0.0723757423698576,0.109157825958732,0.0656747917655694,0.0438470535965802,0.0560736994810829,0.0266703657436893,0.0221300645711109,0.00519036940100385,0.00391357553134451,2.91377383680945,1.76731542484734,0.587923851372007,0.118869123438298,0.141868898832701,0.0793146422671497,0.0543186219388422,0.00516493229093157,0.00391466850442793,0.0607724820107485,0.113018773631975,0.0724682314725523,0.0300574424882977,0.0459681234095664,0.0306318787009332,0.0190578865143737,0.00122229914160998,0.000624642324237983,201108011118,normal
0.865433106575964,0.044179509718763,0.86702947845805,0.0121890892473086,0.2899410430839,0.0307600905231567,0.575492063492063,0.0238937879504781,0.335024210283606,0.664975789716394,0.503814147018031,1.23817278265997,1.12561162059997,1.27103988932442,0.701672403390509,0.473963236655299,0.323834919206424,0.177970613207833,0.125834901887347,0.039279653648449,0.0110185483734112,0.0009791543388977,0.000656633394282996,0.0514371246751404,0.0566292419949392,0.0553069094920574,0.0428454797976049,0.022456798145664,0.0181131784897119,0.00829419389681212,0.00061982540321243,0.000337851354401523,0.623507132855231,0.518921707493196,0.51476225332359,0.236113476288619,0.101533278275426,0.0645387990779664,0.0261710201583732,0.000546499197564716,0.000333659939978946,0.0510881950873526,0.0500660589087519,0.0710372101757186,0.0579420401578436,0.0555767572289741,0.0299345403435564,0.0116720603846021,0.0014489484699106,0.00097678225021979,201101051104,murmur
0.919687578735198,0.0147800663024144,0.921128747795414,0.0161325788289627,0.283854875283447,0.0040254241211191,0.636109851347947,0.0158629345662682,0.308642719382835,0.691658630665381,0.446235622168003,1.12561162059997,1.12561162059997,1.2081397387569,0.815814855855946,0.447880839465436,0.192516578512849,0.0766699344046407,0.0553071171585898,0.0251411047996437,0.00932785881734429,0.000565978611769191,0.000366748510254785,0.0081112933183397,0.00545563729466492,0.00525032707835395,0.00493616534563648,0.0047571088643022,0.00464990062167342,0.00339240090024104,0.000491093461703683,0.000308321481727654,0.672961588991073,0.583219620731624,0.261793490715321,0.0700072847847188,0.0886235750492784,0.0670265771085638,0.0430681196817742,0.000706866661745976,0.000304786299172842,0.00433464798258335,0.00474111960255126,0.00541755635039388,0.00668228250130124,0.00758190608724815,0.00800973426118845,0.0067168407016868,0.000241619798695453,3.98972775005724e-05,201101051108,murmur
1.08168448331714,0.0449180149329366,1.0912342079689,0.0485234330365602,0.369731130547457,0.0217592392035329,0.720986394557823,0.0428409205504072,0.341810515219396,0.66654038740282,0.512812909284108,0.900489296479975,0.900489296479975,1.05655314510236,1.4438515035125,1.47656935386413,0.668404120213889,1.06580682555747,0.408549597392791,0.0969180672453156,0.0246454355406441,0.00697673514313005,0.00517427218822478,0.572969424872108,0.49695121764373,0.508348235678794,0.537312330342006,0.440733615107951,0.178514945189813,0.0469265665172034,0.0029619807067408,0.00196971009248229,2.00211523849768,3.13206586026239,1.17015340591083,0.754839723856481,1.08015800778366,0.569363798376222,0.0596774616134827,0.00249867986779555,0.00182788077165442,0.454887485235321,0.327744679897377,0.332558776197922,0.330624082278258,0.234603224592802,0.102931197743712,0.0433198661292416,0.020557488709912,0.0155410684650918,201101051114,murmur
1.08287226001512,0.0385009244885637,1.0827059712774,0.0215604105966818,0.359611273080661,0.0160658379356154,0.724520030234316,0.0329186186477739,0.332090207090207,0.669072481572481,0.496344142430899,0.871251248878126,0.871251248878126,1.07738161715434,7.32771923912757,7.88759620014421,2.54287003539462,1.24739390702906,0.514479608564612,0.734141421378444,0.260786202032167,0.00600714459930992,0.00163175144253422,0.698186394802231,0.419901369752985,0.207953819318174,0.0894760905266321,0.026758499404992,0.0233689612528667,0.0103003488752696,0.00406479806854794,0.00304703990869479,1.9518967899981,1.04444559609698,0.447358460663523,0.10840453171251,0.0870797791605087,0.0265464392973988,0.0102914320661535,0.0035442269538535,0.00282196946556736,0.688881005129507,0.303547342907945,0.134265122697998,0.0826087649151313,0.0444689604036765,0.0327130191657744,0.0194437442633022,0.012535326296044,0.00989762503960012,201101180902,murmur
0.910430839002268,0.0357725687912875,0.911927437641723,0.0363864685382157,0.304308390022676,0.00495529277953934,0.607619047619048,0.0357238370412061,0.334246575342466,0.667397260273973,0.500821018062398,1.02655338110836,1.02655338110836,1.28144458281445,0.055735512425281,0.158531632750516,0.761739199193589,1.26443887685697,1.49353349951559,0.9422518776991,0.152021331838344,0.00464838967447701,0.000982935179218111,0.0511361734447079,0.0867019839236199,0.159746055776888,0.187959583952934,0.294758386385956,0.308546046846139,0.171689843717554,0.00640738366686029,0.00199449217397971,0.0727345109177749,0.181521128241148,0.351705489529324,0.521040418427024,0.615938252065662,0.821819972164677,0.283231951851162,0.00714519677013933,0.00192088674083146,0.0709705107498711,0.105795043146175,0.144989259810709,0.187535457728842,0.272745680531648,0.258602357924196,0.147440916432659,0.0120968656496618,0.00688793756930501,201102051443,murmur
0.919798437893676,0.0239790435505644,0.919465860418241,0.0190035363142893,0.285850340136054,0.00929135996926308,0.633560090702948,0.0242399703847293,0.310774978908039,0.688803181872966,0.451181102362205,1.11111111111111,1.11111111111111,1.20799412712152,0.113032107139653,0.417922987309027,0.427323332664526,0.589450631195218,0.66258006953163,0.454744676654682,0.248417065594323,0.00408573931431218,0.00121665213576263,0.0258952528761268,0.0585705101812478,0.102935641892756,0.132500333846425,0.184030149924702,0.157743122996359,0.0960681606805987,0.00345689392934871,0.000586920991663307,0.0749807053485888,0.204874272248316,0.995809082102607,1.62963336639253,1.912818276916,0.612144312974763,0.316545224081415,0.00414430085985488,0.000476197186561598,0.0315935776649505,0.0395954569357163,0.0834044857803382,0.124223014816054,0.141978627938306,0.116326468796787,0.0813162045870764,0.0073351058107557,0.00328514071399302,201102052338,murmur
0.802925170068027,0.0502211652698375,0.815895691609977,0.0433550535071908,0.291448727639204,0.0335853853862599,0.513832199546485,0.0395585494090864,0.362983673328501,0.639950295122709,0.567206040992449,1.19933279747623,1.19933279747623,1.40112683216131,2.11904221873639,1.74472617562135,0.705446669866695,0.270795729294458,0.142567406954862,0.0644034181936913,0.0258604184529197,0.00511407044624446,0.00393374196648985,1.37082744692764,0.795759070428465,0.243653305515816,0.11729097074541,0.106927016829792,0.0687067396361752,0.0245201656146941,0.00448174220196394,0.00345999511775363,3.81646247947398,1.54001717204003,0.963788921656012,0.347123983530955,0.280979583503393,0.14451050865892,0.037568647614633,0.00448269020066626,0.00350614962838064,1.53155128113957,1.12634928428259,0.324444604912733,0.195182139359963,0.120759842484155,0.0781425626259761,0.0396846517374182,0.0183937496955033,0.0148043453512561,201103291548,murmur
0.579416477702192,0.0176334177897584,0.581250404923874,0.0129717865678679,0.272513983371126,0.0161974839779718,0.306902494331066,0.013437940950978,0.470324876592814,0.529675123407186,0.887949718248808,1.77777777777778,1.66666666666667,1.8409325721919,0.0840779073441106,0.124254345818628,0.296303171326061,0.186407580309923,0.20751604421748,0.198432596581132,0.107419321567055,0.00310949339273113,0.000942777400300677,0.0206670573146829,0.0286978317659723,0.0546665306682876,0.104364527293553,0.128780173579006,0.144802528104394,0.110215754721556,0.00416310557089473,0.00155845278885588,0.0688722583213393,0.0793259539473444,0.167716980256451,0.609467281628812,1.09528380701994,0.999546847423814,0.469109003630607,0.00771193607395485,0.0014579171907142,0.0219159499152598,0.0202550460183766,0.0327116543087498,0.0639315729422918,0.0793433710424863,0.106592087813998,0.107451003992884,0.00277436846339554,0.00072595512129122,201104241315,murmur
0.77124716553288,0.0216648125402896,0.771646258503401,0.0250687097299942,0.276704459561603,0.015529623219311,0.497868480725624,0.0270125805129233,0.358775334195774,0.645536869340233,0.555778223112893,1.24304136424494,1.24304136424494,1.55592143949194,0.0241722854637716,0.0262594521139573,0.0649350688825248,0.0613002346390689,0.0470061066093501,0.0596269294726348,0.0329024261080807,0.00130286021987276,0.000282578048730214,0.00831866659618863,0.0128846156154252,0.0145126922745079,0.0352335709581944,0.0277593293562299,0.0331462587128715,0.0349235823627754,0.00126934539453958,0.000210948944600336,0.0290407841099983,0.0800443279108545,0.138262417269408,0.198122576953334,0.248643227630988,0.214741906707475,0.169217765077107,0.00375765630807652,8.93432624920881e-05,0.0101609384590454,0.0126172773344534,0.0196805051783336,0.0203438715264288,0.0276391745766449,0.0366925548028127,0.0306684078458188,0.00135613266728679,0.000441298916856816,201104291843,murmur
1.02381600259151,0.000377107410711902,1.02410106899903,0.00161467746591189,0.343968253968254,0.00103275117724701,0.679883381924198,0.000973687147613019,0.335966866211889,0.664067938187387,0.505922431865828,1.00812097451694,1.00812097451694,1.11627200587245,5.61921874961421,3.72536942525537,0.548928812660752,0.227851392446335,0.416884725552682,0.121489142873399,0.0895563186138287,0.00548296405519069,0.00395069639823719,0.0900346676992185,0.12705561805523,0.0834472264819944,0.0435644949146978,0.058093130973717,0.0419398987855977,0.0417451415466254,0.00718578306146933,0.00494462881657822,3.74271014688875,1.85653535221929,0.54882218231485,0.173510809124371,0.338474124777838,0.26432098801386,1.03842448743883,0.0154545782273031,0.00680311042590574,0.067219508739163,0.101399408324256,0.0888415564915798,0.0428441588956451,0.0604628078024353,0.0384648896415136,0.0744269019613292,0.00654242074234968,0.00392462892618233,201108222221,murmur
0.819027462836987,0.000332577475434757,0.819013605442177,0.00112343835746538,0.317722348198539,0.000724835803158606,0.501305114638448,0.000879917291661745,0.387926367081754,0.612073632918246,0.633790358248562,1.26015121814618,1.13413609633156,1.35662253285426,5.79768675986635,4.00244100388715,0.541734407882804,0.248798933671146,0.441915983743599,0.137315960508351,0.105452867837172,0.00414705668474517,0.00289375310468757,0.0765921270620512,0.138145162451637,0.138170770084475,0.111042134805791,0.078919659808827,0.0499414851805419,0.0438659019150957,0.0155615401012743,0.0111220305712443,2.72675647938758,1.0217788045666,0.295439931155544,0.152988130994653,0.315942777956698,0.295017100688255,0.978488122388978,0.0222378994115667,0.0126304837549715,0.0609549807167357,0.134814030777755,0.112168488587036,0.0746180661854101,0.246302478647255,0.150151449482491,0.54632389212082,0.0204605111732555,0.00952428085312886,201108222223,murmur
0.819027462836987,0.000332577475434586,0.819027462836987,0.000599562570371953,0.31847619047619,0.000420680928336813,0.500529100529101,0.000498866213151863,0.388846778559827,0.611126150514348,0.636279069767442,1.26015121814618,1.26015121814618,1.35662253285426,5.57726765822298,3.73563214637428,0.542466452928333,0.227230556483817,0.406852279313794,0.134064593509741,0.0980998670730221,0.00695089994650264,0.00518499346213657,0.0612523521694277,0.107774026687783,0.0750247242238904,0.0444855861938735,0.0633671305023006,0.031739010914864,0.0194749715023019,0.00525762712409484,0.00400860927885431,4.41048810532283,2.5809561456865,1.00026300471518,0.31274935088961,0.265630237531703,0.151738957679808,0.243799984806142,0.00647965708952257,0.00409774108509472,0.0652397931020631,0.114086226840279,0.0991277309373237,0.0440938850335894,0.0565510057679416,0.0341838386920916,0.0441620359048971,0.00307847548317849,0.00203401339350106,201108222224,murmur
0.819027462836987,0.000332577475434563,0.819013605442177,0.000639416724632774,0.318054925673973,0.000439958645830731,0.500972537163013,0.000599562570371812,0.388332430969139,0.611667569030861,0.634874972339013,1.26015121814618,1.13413609633156,1.35662253285426,5.74728230403062,3.90216174754867,0.571492407873826,0.236282348456231,0.388134684691457,0.109144313787877,0.0916010583462562,0.00563812556288375,0.00384372650000465,0.0619619697515601,0.109350063605279,0.0705897788295307,0.0269456837366295,0.0461695952533299,0.0290366860897906,0.0172035224601407,0.00317893876419815,0.00223419128476314,4.91222344995069,2.85946162548262,0.933676561792745,0.221807975115327,0.243735803014065,0.190176677841813,0.464902758526126,0.00692655810598805,0.00258395882293338,0.0749316140444923,0.118221039549399,0.0885417506986338,0.0433277055016944,0.0681590179701164,0.0382629891218777,0.0909490344819309,0.00368748728761111,0.00192993442315234,201108222226,murmur
1.02381600259151,0.00037710741071235,1.02025267249757,0.00949781779330196,0.344075153871072,0.000377107410712273,0.676587301587301,0.00893095926030153,0.336071279409718,0.660848531254351,0.508545095457538,1.00812097451694,1.00812097451694,1.11627200587245,6.00329525048546,4.00722615655924,0.544712197018675,0.255312358034326,0.487704662632716,0.133205032839488,0.104124452604638,0.00334160186700366,0.00223313157956194,0.073028825786967,0.113634514678848,0.0751908229113443,0.0524350920947027,0.0528289376011792,0.0304831442244607,0.027600690526075,0.0059135337766093,0.00444014953462931,3.92672816420493,2.0977752753921,0.666276948436454,0.156855121390011,0.210002798822497,0.131327956681935,0.327194129445524,0.00887486041217082,0.0048439335277064,0.0450839872746219,0.0899692843496094,0.0875606670374072,0.0413111512024453,0.0900890678538447,0.0499565078029587,0.15584129091827,0.00519559456271303,0.00269592964452975,201108222227,murmur
0.819138321995465,2.05573358285649e-16,0.819138321995465,3.04047097224406e-16,0.31827664399093,3.04047097224406e-16,0.500861678004535,3.5108334685767e-16,0.388550548112058,0.611449451887942,0.635458167330677,1.13413609633156,1.26015121814618,1.37339441922268,5.4319592066549,3.4783877775487,0.468945773600515,0.203371368620404,0.362823201358318,0.0988396018628513,0.106738609314809,0.00880197776631672,0.00487631636060304,0.0623086106804885,0.13909211914077,0.185078064910828,0.198043267302344,0.455794314414642,0.320837940824192,1.09055102855336,0.0121576385350599,0.00368773442062535,5.8902627663155,3.97734304977406,1.44072307182349,0.320601951088614,0.353028751116019,0.215138790177828,0.168036130925147,0.00289829135017677,0.00197346892899875,0.0783474087341225,0.139778584941449,0.0991344843514743,0.038802745619153,0.0554117653677115,0.0286478852366539,0.0353480212975631,0.00220682488391515,0.00121198193185313,201108222231,murmur
0.996022027858763,0.0740402488720514,1.02395853579527,0.000754214821424287,0.319523809523809,0.0694446138181099,0.679883381924198,0.00053331041470047,0.320799942759015,0.68259874069834,0.469968553459119,1.00812097451694,1.00812097451694,1.14742155383254,1.82852651278846,0.990708588680584,0.244194664489164,0.196797393222163,0.331438172240386,0.37034971899606,1.15088094772998,0.0232776598298257,0.0110809512088705,0.0475936430253419,0.127587728486674,0.22269635062735,0.275603573447581,0.765620437681173,0.460413521171318,1.53811065637191,0.0265701931456026,0.00701233702791914,6.20429469874014,5.54845234005842,3.19159081256509,1.35178103305209,0.932475950608802,0.507643657903095,0.744418461620956,0.0106743794220697,0.00405408076961083,0.0614972237126077,0.0926740774938749,0.0704728064965709,0.0299271830505016,0.0354208983207864,0.0293068052127615,0.01615627971687,0.00274804216735343,0.00196121914031509,201108222232,murmur
0.819138321995465,0.000498866213152205,0.819027462836987,0.000779963316070328,0.31837641723356,0.000736191624589382,0.500639959687579,0.000439958645830874,0.388672350791717,0.611178779266477,0.635938883968113,1.26015121814618,1.26015121814618,1.35643893256561,1.96929620918476,1.14001352402718,0.273278751256556,0.181990290702611,0.289238230903273,0.367053305093956,1.20791413189373,0.0255486781837352,0.0143448962060177,0.0380416149240549,0.150699487582431,0.223281710076942,0.321477393881197,0.766612155780963,0.603469018668445,1.66222270632671,0.0245133981631863,0.00811783396547327,5.78001227331682,5.48251556667579,3.47247325070031,1.55629623622678,1.06534426299995,0.630649742136475,1.02876567233099,0.0161170284970994,0.00595650055878321,0.07867770066843,0.112574949433539,0.107766797334539,0.0530386163635863,0.0473430198592542,0.0336678909838686,0.0383587759678889,0.00462215919795993,0.00271006354694651,201108222233,murmur
0.819027462836987,0.00033257747543459,0.819138321995465,3.25040019216249e-16,0.318165784832451,0.00033257747543459,0.500861678004535,3.5108334685767e-16,0.388467785598267,0.611532214401733,0.635236830455954,1.26015121814618,1.13413609633156,1.35662253285426,5.24129876694914,3.36092619683731,0.488885585872042,0.19714536463977,0.345210800083867,0.0899149415360914,0.0721907272206948,0.00636443042319855,0.00414746567831055,0.0853337188765115,0.126485874706881,0.0961278903577448,0.067205395550187,0.117240665179337,0.0795858109338752,0.280472691905846,0.00850878078317639,0.00494174352255778,5.00941044747662,3.0811432507403,1.01331131900533,0.172198977771474,0.228607200945263,0.158372339766217,0.110018823996824,0.00723087251954257,0.00531892177179296,0.0819105744159311,0.120223671772569,0.110336034329436,0.0418711397213705,0.0547366553392229,0.0322535128216012,0.0182462591851992,0.00209438588891807,0.00122531420940094,201108222235,murmur
1.02381600259151,0.000377107410711944,1.02367346938776,2.43237677779525e-16,0.34421768707483,3.73069078475266e-16,0.679598315516683,0.000377107410712154,0.336210497006822,0.663789502993178,0.506501677852349,1.00812097451694,0.882105852702324,1.11627200587245,5.97424502722556,3.93243817348108,0.526097514960449,0.258510279317966,0.43582897434836,0.118687413973181,0.1260974250067,0.00459459468780529,0.00279148743722978,0.0765318117940055,0.0998198539839978,0.0686825935316475,0.0524170780807891,0.19960530094049,0.0790634523746463,0.261234462830187,0.00642481333362325,0.00298268854346993,5.20085289301468,3.17339775836432,1.06877168463153,0.240077927067578,0.249102420450746,0.158850310812531,0.127201803426998,0.00446884928384622,0.00328281255302491,0.0686311092045878,0.101525965681672,0.0795355840214716,0.0326893154951868,0.0475959799211042,0.0274999789878857,0.0173108957460085,0.00165863754674196,0.000977581086010383,201108222236,murmur
0.819249181153943,0.000332577475434752,0.819249181153943,0.000599562570371781,0.318575963718821,0.000481950549381982,0.500639959687579,0.000439958645830811,0.388863328822734,0.611096075778078,0.636337466784766,1.26015121814618,1.26015121814618,1.3562553819658,5.41088096513368,3.47350855527629,0.506380770389641,0.216164419204103,0.337731124924307,0.100092771708058,0.108642964217689,0.00566981436228314,0.00376971353870703,0.0562888048617954,0.1176782339778,0.0855115570803683,0.0569272741223453,0.165825483644334,0.0811975769399955,0.32731692725723,0.00580996824203896,0.00307713930560755,5.70864334400189,3.76996126560632,1.37489742763672,0.314898655070127,0.334296425039989,0.220540916351162,0.18731106309712,0.00443498004903463,0.00296590502946558,0.081725012808556,0.121046986434164,0.104667134519681,0.037685645041286,0.0505694984874056,0.0349087587064854,0.0213291043178381,0.00237785173005855,0.00162676811438926,201108222237,murmur
0.665578231292517,0.000300827645383766,0.665668934240363,0.000403602638753358,0.29291761148904,0.000513761011881071,0.372698412698413,0.000521048766125917,0.440094939583901,0.559961842463887,0.785937373245721,1.51218146177541,1.51218146177541,1.63903961941574,5.59658676765419,3.71599008345115,0.545237980582864,0.22504186671417,0.382042132701869,0.113558863219053,0.122031517126645,0.00707842006471711,0.00493161736409326,0.0939634372748472,0.113887628209101,0.0798073218464105,0.0599710860497522,0.118961115127683,0.0863447114263072,0.345427862900637,0.00397491727669491,0.00174771298046631,5.82560538198143,3.9105349436408,1.46181165402733,0.366493431011378,0.356598642238343,0.209505785918977,0.203554192185701,0.00328948148817258,0.00163126561475819,0.0721566843103672,0.1118325116311,0.0982186525307863,0.0324280773011297,0.0496127424114073,0.0293310633944366,0.0172622245230034,0.00190907290740614,0.00138578167077508,201108222238,murmur
0.819470899470899,0.00996484480316625,0.819013605442177,0.000352751682224548,0.318054925673973,0.00646176724126915,0.501415973796926,0.00733369154295363,0.388122294372294,0.611877705627705,0.634313508733142,1.26015121814618,1.13413609633156,1.35588842975207,2.67469381968587,2.88588165864737,2.16305588683871,1.58533172705733,2.63659704050908,1.13698707906764,1.86803365349615,0.0204159946523815,0.0108343416883302,0.108930664201221,0.204488165614008,0.18478354576495,0.144644160801574,0.0914495567725263,0.0616378204391679,0.10894592341073,0.0143852295851829,0.00887702952211964,4.1692555376745,1.9954632227618,0.492477432820173,0.061738498185858,0.117035090685004,0.0939171183451524,0.0804397710657912,0.0101814718174152,0.00701677192018725,0.0860003926362254,0.130516965802024,0.103498973772959,0.0478774089533234,0.0805299120095307,0.0375697437575908,0.0393033640068854,0.00315667009704078,0.00220167662565729,201108222242,murmur
1.01811467444121,0.113523737468302,1.01312601230969,0.060869466205883,0.260907029478458,0.085678936497998,0.758419177194687,0.0603041797879802,0.256264874702506,0.74492510149797,0.344014283029506,1.00812097451694,1.00812097451694,1.12252300408537,1.32227953758899,3.65277331392555,3.74048311379799,2.08693660601984,2.77770747453541,1.66055035836725,2.90514432717957,0.0298734929557388,0.0144880749362755,0.48078091942276,2.97377840790671,2.37129252809405,2.02254723115577,1.8798241229827,1.39457324897871,1.88609010402059,0.0301441720440496,0.0124009207341542,4.67308369334292,5.17459180505846,3.73387794590154,2.20554293255686,1.38671915295045,0.745969551199533,1.02006116437562,0.0163637172233759,0.00870538922234726,0.0565598615257781,0.107096833946936,0.0833599728781983,0.0382707405965018,0.0351799637583584,0.0249982671263728,0.0144485702564565,0.0024877142361107,0.00170692267969326,201108222243,murmur
1.02367346938776,0.000997732426303891,1.02068027210884,0.00836748008341655,0.343505021056041,0.000486843573806633,0.677460317460317,0.00769151218376689,0.335561125034809,0.661793372319688,0.507048180096781,1.00812097451694,1.00812097451694,1.11642743221691,2.71221026895532,1.85076955095319,0.306535425911755,0.145207444050473,0.2319537584209,0.103535729064948,0.107991964836348,0.00348278149144422,0.00227960368872025,0.062376139142757,0.0852898673409112,0.0682020926137222,0.0471207538462295,0.0491466141855218,0.0281284228299209,0.0308496276110019,0.00492081028031631,0.00331590882734542,2.02258552793754,1.1078278981588,0.352588214103228,0.0607312087184162,0.0808771804060868,0.045961481192454,0.037935242821339,0.0042380983814938,0.00300793383370094,0.0414046805678753,0.0741400703831454,0.0512552606033971,0.0217237496165244,0.0390365237982609,0.0252863161239594,0.0137007363695293,0.00183183850497501,0.00126699294140767,201108222245,murmur
0.818916603678508,0.000665154950869153,0.819013605442177,0.000352751682224508,0.317833207357017,0.000525851160421064,0.501083396321492,0.00043995864583079,0.388114254771896,0.611885745228104,0.63429203539823,1.26015121814618,1.13413609633156,1.35680618285194,5.81293119636726,3.73663909252109,0.637081556505638,0.35926298713736,0.439107917671215,0.214901339878054,0.209384607746257,0.00393327375977463,0.00220861376652629,0.0770039741227354,0.14595272424038,0.165535131025539,0.0968004542557217,0.0988306157558031,0.0636045713676981,0.0612124183789464,0.00807083594233012,0.00537698855128557,4.70827653806508,2.67394527058681,0.900124781618723,0.181269738388106,0.221989391306961,0.151839581095049,0.0990058609142814,0.00828445754139142,0.00564671662281458,0.07980628281507,0.138746302318612,0.0938772251505777,0.0451192294521325,0.0619945881272347,0.0388436872416339,0.0188151208492662,0.00242487374315837,0.0016156679945511,201108222246,murmur
0.819027462836987,0.00033257747543459,0.819013605442177,0.000352751682224531,0.318054925673973,0.000439958645830923,0.500972537163013,0.000332577475434655,0.388332430969139,0.611667569030861,0.634874972339013,1.26015121814618,1.13413609633156,1.35662253285426,5.34362558819394,3.41960782377746,0.619376791314224,0.318342812823443,0.469132871312867,0.162999683235779,0.225443398290164,0.00492044078470222,0.00314097434850043,0.0785841701774963,0.415594443954304,0.313685860640486,0.17842750206167,0.424203916606451,0.148175952502915,0.242074601368945,0.00350707009641673,0.00206920275453019,6.08406320120529,4.20041656389109,1.55962521996757,0.358377890798922,0.360089586427462,0.213230923059807,0.163068752778006,0.00312825840289101,0.00177738168235728,0.0775096296873717,0.136051139623765,0.0935751138589217,0.037000432608214,0.0526979883692236,0.0377670423137825,0.018041742720012,0.00316310229342098,0.00200200414495239,201108222248,murmur
1.02395853579527,0.0782562240303395,1.02367346938776,3.2684080872602e-16,0.180090702947846,0.0421247714556721,0.84479429867185,0.0453491587790459,0.175876948775056,0.825027839643653,0.213176986671166,1.00812097451694,1.00812097451694,1.11611662279814,0.818808031661752,2.49952386931277,1.30835117274214,0.701812536413483,0.428377427632813,0.194096991485584,0.220548427889712,0.00965275510148671,0.00663122742525726,1.36146613308103,2.62629889639016,1.29366028417683,0.616986513239977,0.497762125648732,0.235550966654387,0.195152073386977,0.0123687351923597,0.00888600825012938,8.27893684527295,6.63878359553141,0.922006705278543,0.558068381279668,1.17504783062537,0.287640776149609,0.163305778134534,0.0090637503068879,0.00686612417002119,0.107032897761362,0.134561451683561,0.117225491647002,0.0742787064684946,0.069106194829005,0.0408759066106731,0.0245324299076453,0.00995024727489498,0.00725448543452889,201108222251,murmur
0.820260770975057,0.0449579018925376,0.81880574452003,0.000498866213151872,0.153318216175359,0.0334872654721492,0.665487528344671,0.0332373709308415,0.186913993208656,0.811312148395925,0.230384807596202,1.13413609633156,1.26015121814618,1.37151505936666,1.06087916737288,3.30229524355433,1.31863375729471,0.705772145227403,0.507544155157076,0.225440108859637,0.210144021399996,0.0105283336676118,0.0076939526455794,1.27065580064035,2.3214436583012,1.31282334046035,0.736909021152184,0.38276893486452,0.215714245675358,0.216540821414344,0.0113875460335522,0.00750429290366698,7.92772039997964,6.64426206227217,1.03569399546733,0.571175598501304,1.14063313027817,0.23951942705633,0.165293794733434,0.0071050595089246,0.00500039906306821,0.519495747698436,0.633709684776969,0.77555697883284,0.379439361334476,0.199209935371811,0.172263793390745,0.100337116854208,0.0511751575567151,0.0372654807699688,201108222252,murmur
0.665396825396825,0.0309279496246691,0.666394557823129,0.00975999122675079,0.310294784580499,0.0177136146019334,0.355026455026455,0.0195830864253077,0.466330425299891,0.533555979643766,0.87400468384075,1.51218146177541,1.51218146177541,1.63948646773074,1.63335729833062,1.98346099059789,0.934534040164105,0.399141583705697,0.283927575194012,0.124850319439766,0.118739799753959,0.00574546455007665,0.00426356084675693,1.04812840864739,3.13201030693874,1.42667566794333,0.543265561755923,0.70003488711552,0.213129486923453,0.193420914379604,0.00700253121298892,0.00472538082280695,7.87402097633763,7.14417939194409,1.34312289247372,0.662139091791673,1.11385928197408,0.350334394767666,0.245245801695841,0.00736611040519935,0.00452719876254134,0.176839822735028,0.257505205835592,0.213976254204052,0.126183436227004,0.0680831014539174,0.042420564121532,0.029289329540307,0.00417791218029157,0.003233891066891,201108222253,murmur
0.667210884353742,0.027447946941268,0.66530612244898,0.00040360263875352,0.19838246409675,0.0189059265718362,0.467392290249433,0.0199414922616226,0.297330976980243,0.700516585100598,0.42444530694094,1.51218146177541,1.51218146177541,1.63502891887884,1.07850752438809,1.88219299818018,1.05807260745357,0.556941655909571,0.365708950636943,0.176658227476953,0.140825551745625,0.0043137990545588,0.0031270057765294,0.366717238609819,0.873997223342607,0.569198040560812,0.291249939132895,0.145399606395019,0.0810800416824923,0.077141023148519,0.00396972102252068,0.00281596226781054,8.51383061840363,6.02248058626917,0.790188091218868,0.423963326369159,0.799149749482754,0.190990017297461,0.111758238064694,0.00224304367339717,0.0011386992774725,1.32933454485688,1.35442815930897,0.87123911036212,0.435003000285088,0.257457543650935,0.115328348516596,0.0736986356985592,0.0129373377259435,0.0103075025796322,201108222255,murmur
1.02367346938776,3.58036167304945e-16,1.02367346938776,3.5108334685767e-16,0.394104308390023,3.32295024756919e-16,0.629569160997732,1.75541673428835e-16,0.384990253411306,0.615009746588694,0.625990491283677,0.882105852702324,1.00812097451694,1.13968633705476,9.05946113077295,6.38509241435129,0.818813861000596,0.401948886001354,1.01322579352193,0.197496096566902,0.134516549628568,0.00227475794743789,0.0010329513547585,0.0637245591218712,0.0692388689531354,0.0511344097743305,0.0447047358990288,0.0378722992207851,0.0254668007613812,0.018292456825597,0.0033653964639585,0.00253395595666234,2.07743470871268,1.68775208282244,0.971887415710284,0.425185840718604,0.27815195965114,0.13660457519858,0.090923130573369,0.0048849117134894,0.00383350717536551,0.0840155047398486,0.242104169633928,0.152141584396144,0.0486674439313561,0.0558072237181955,0.0329276604742168,0.0243378398287355,0.0074160056335731,0.00577659569525427,201108222256,murmur
0.817517006802721,0.0038062637415094,0.818916603678508,0.0295166022569665,0.447760141093474,0.0217838246409676,0.371156462585034,0.0217736672354421,0.547707432833291,0.454004576659039,1.20639187574671,1.13413609633156,1.26015121814618,1.37611816101519,7.73059906578255,4.72990573865266,0.739765505147107,0.527191806906686,0.696780840727551,0.240859314464991,0.154087245907744,0.00611012486608601,0.00404928760906673,0.947169189172693,1.00422094458479,0.710889361861217,0.362861842958073,0.182476495844999,0.112652075256655,0.0596268628058128,0.00736729624859842,0.00586886740855553,1.44937978459432,1.55061562657339,0.8117086790077,0.374403186679596,0.194489381921907,0.125355458275221,0.121159827814558,0.00451381767406381,0.00344597045728053,0.229547072994399,0.624818829092385,0.25872573988784,0.0967559678582338,0.127038619871773,0.0531131748301385,0.0339995810048513,0.00291501348082079,0.00207632944083974,201108222258,murmur
-1,-1,-1,-1,-1,-1,-1,-1,-1,-1,-1,-1,-1,-1,-1,-1,-1,-1,-1,-1,-1,-1,-1,-1,-1,-1,-1,-1,-1,-1,-1,-1,-1,-1,-1,-1,-1,-1,-1,-1,-1,-1,-1,-1,-1,-1,-1,-1,-1,-1,201012172012,artifact
-1,-1,-1,-1,-1,-1,-1,-1,-1,-1,-1,-1,-1,-1,-1,-1,-1,-1,-1,-1,-1,-1,-1,-1,-1,-1,-1,-1,-1,-1,-1,-1,-1,-1,-1,-1,-1,-1,-1,-1,-1,-1,-1,-1,-1,-1,-1,-1,-1,-1,201105040918,artifact
-1,-1,-1,-1,-1,-1,-1,-1,-1,-1,-1,-1,-1,-1,-1,-1,-1,-1,-1,-1,-1,-1,-1,-1,-1,-1,-1,-1,-1,-1,-1,-1,-1,-1,-1,-1,-1,-1,-1,-1,-1,-1,-1,-1,-1,-1,-1,-1,-1,-1,201105041959,artifact
-1,-1,-1,-1,-1,-1,-1,-1,-1,-1,-1,-1,-1,-1,-1,-1,-1,-1,-1,-1,-1,-1,-1,-1,-1,-1,-1,-1,-1,-1,-1,-1,-1,-1,-1,-1,-1,-1,-1,-1,-1,-1,-1,-1,-1,-1,-1,-1,-1,-1,201105051017,artifact
-1,-1,-1,-1,-1,-1,-1,-1,-1,-1,-1,-1,-1,-1,-1,-1,-1,-1,-1,-1,-1,-1,-1,-1,-1,-1,-1,-1,-1,-1,-1,-1,-1,-1,-1,-1,-1,-1,-1,-1,-1,-1,-1,-1,-1,-1,-1,-1,-1,-1,201105060108,artifact
-1,-1,-1,-1,-1,-1,-1,-1,-1,-1,-1,-1,-1,-1,-1,-1,-1,-1,-1,-1,-1,-1,-1,-1,-1,-1,-1,-1,-1,-1,-1,-1,-1,-1,-1,-1,-1,-1,-1,-1,-1,-1,-1,-1,-1,-1,-1,-1,-1,-1,201105061143,artifact
-1,-1,-1,-1,-1,-1,-1,-1,-1,-1,-1,-1,-1,-1,-1,-1,-1,-1,-1,-1,-1,-1,-1,-1,-1,-1,-1,-1,-1,-1,-1,-1,-1,-1,-1,-1,-1,-1,-1,-1,-1,-1,-1,-1,-1,-1,-1,-1,-1,-1,201105190800,artifact
-1,-1,-1,-1,-1,-1,-1,-1,-1,-1,-1,-1,-1,-1,-1,-1,-1,-1,-1,-1,-1,-1,-1,-1,-1,-1,-1,-1,-1,-1,-1,-1,-1,-1,-1,-1,-1,-1,-1,-1,-1,-1,-1,-1,-1,-1,-1,-1,-1,-1,201105280851,artifact
-1,-1,-1,-1,-1,-1,-1,-1,-1,-1,-1,-1,-1,-1,-1,-1,-1,-1,-1,-1,-1,-1,-1,-1,-1,-1,-1,-1,-1,-1,-1,-1,-1,-1,-1,-1,-1,-1,-1,-1,-1,-1,-1,-1,-1,-1,-1,-1,-1,-1,201106010559,artifact
-1,-1,-1,-1,-1,-1,-1,-1,-1,-1,-1,-1,-1,-1,-1,-1,-1,-1,-1,-1,-1,-1,-1,-1,-1,-1,-1,-1,-1,-1,-1,-1,-1,-1,-1,-1,-1,-1,-1,-1,-1,-1,-1,-1,-1,-1,-1,-1,-1,-1,201106010602,artifact
-1,-1,-1,-1,-1,-1,-1,-1,-1,-1,-1,-1,-1,-1,-1,-1,-1,-1,-1,-1,-1,-1,-1,-1,-1,-1,-1,-1,-1,-1,-1,-1,-1,-1,-1,-1,-1,-1,-1,-1,-1,-1,-1,-1,-1,-1,-1,-1,-1,-1,201106021541,artifact
-1,-1,-1,-1,-1,-1,-1,-1,-1,-1,-1,-1,-1,-1,-1,-1,-1,-1,-1,-1,-1,-1,-1,-1,-1,-1,-1,-1,-1,-1,-1,-1,-1,-1,-1,-1,-1,-1,-1,-1,-1,-1,-1,-1,-1,-1,-1,-1,-1,-1,201106030612,artifact
-1,-1,-1,-1,-1,-1,-1,-1,-1,-1,-1,-1,-1,-1,-1,-1,-1,-1,-1,-1,-1,-1,-1,-1,-1,-1,-1,-1,-1,-1,-1,-1,-1,-1,-1,-1,-1,-1,-1,-1,-1,-1,-1,-1,-1,-1,-1,-1,-1,-1,201106031558,artifact
-1,-1,-1,-1,-1,-1,-1,-1,-1,-1,-1,-1,-1,-1,-1,-1,-1,-1,-1,-1,-1,-1,-1,-1,-1,-1,-1,-1,-1,-1,-1,-1,-1,-1,-1,-1,-1,-1,-1,-1,-1,-1,-1,-1,-1,-1,-1,-1,-1,-1,201106040722,artifact
-1,-1,-1,-1,-1,-1,-1,-1,-1,-1,-1,-1,-1,-1,-1,-1,-1,-1,-1,-1,-1,-1,-1,-1,-1,-1,-1,-1,-1,-1,-1,-1,-1,-1,-1,-1,-1,-1,-1,-1,-1,-1,-1,-1,-1,-1,-1,-1,-1,-1,201106040933,artifact
-1,-1,-1,-1,-1,-1,-1,-1,-1,-1,-1,-1,-1,-1,-1,-1,-1,-1,-1,-1,-1,-1,-1,-1,-1,-1,-1,-1,-1,-1,-1,-1,-1,-1,-1,-1,-1,-1,-1,-1,-1,-1,-1,-1,-1,-1,-1,-1,-1,-1,201106040947,artifact
-1,-1,-1,-1,-1,-1,-1,-1,-1,-1,-1,-1,-1,-1,-1,-1,-1,-1,-1,-1,-1,-1,-1,-1,-1,-1,-1,-1,-1,-1,-1,-1,-1,-1,-1,-1,-1,-1,-1,-1,-1,-1,-1,-1,-1,-1,-1,-1,-1,-1,201106041452,artifact
-1,-1,-1,-1,-1,-1,-1,-1,-1,-1,-1,-1,-1,-1,-1,-1,-1,-1,-1,-1,-1,-1,-1,-1,-1,-1,-1,-1,-1,-1,-1,-1,-1,-1,-1,-1,-1,-1,-1,-1,-1,-1,-1,-1,-1,-1,-1,-1,-1,-1,201106050353,artifact
-1,-1,-1,-1,-1,-1,-1,-1,-1,-1,-1,-1,-1,-1,-1,-1,-1,-1,-1,-1,-1,-1,-1,-1,-1,-1,-1,-1,-1,-1,-1,-1,-1,-1,-1,-1,-1,-1,-1,-1,-1,-1,-1,-1,-1,-1,-1,-1,-1,-1,201106061233,artifact
-1,-1,-1,-1,-1,-1,-1,-1,-1,-1,-1,-1,-1,-1,-1,-1,-1,-1,-1,-1,-1,-1,-1,-1,-1,-1,-1,-1,-1,-1,-1,-1,-1,-1,-1,-1,-1,-1,-1,-1,-1,-1,-1,-1,-1,-1,-1,-1,-1,-1,201106070537,artifact
-1,-1,-1,-1,-1,-1,-1,-1,-1,-1,-1,-1,-1,-1,-1,-1,-1,-1,-1,-1,-1,-1,-1,-1,-1,-1,-1,-1,-1,-1,-1,-1,-1,-1,-1,-1,-1,-1,-1,-1,-1,-1,-1,-1,-1,-1,-1,-1,-1,-1,201106070949,artifact
-1,-1,-1,-1,-1,-1,-1,-1,-1,-1,-1,-1,-1,-1,-1,-1,-1,-1,-1,-1,-1,-1,-1,-1,-1,-1,-1,-1,-1,-1,-1,-1,-1,-1,-1,-1,-1,-1,-1,-1,-1,-1,-1,-1,-1,-1,-1,-1,-1,-1,201106101314,artifact
-1,-1,-1,-1,-1,-1,-1,-1,-1,-1,-1,-1,-1,-1,-1,-1,-1,-1,-1,-1,-1,-1,-1,-1,-1,-1,-1,-1,-1,-1,-1,-1,-1,-1,-1,-1,-1,-1,-1,-1,-1,-1,-1,-1,-1,-1,-1,-1,-1,-1,201106101955,artifact
-1,-1,-1,-1,-1,-1,-1,-1,-1,-1,-1,-1,-1,-1,-1,-1,-1,-1,-1,-1,-1,-1,-1,-1,-1,-1,-1,-1,-1,-1,-1,-1,-1,-1,-1,-1,-1,-1,-1,-1,-1,-1,-1,-1,-1,-1,-1,-1,-1,-1,201106110909,artifact
-1,-1,-1,-1,-1,-1,-1,-1,-1,-1,-1,-1,-1,-1,-1,-1,-1,-1,-1,-1,-1,-1,-1,-1,-1,-1,-1,-1,-1,-1,-1,-1,-1,-1,-1,-1,-1,-1,-1,-1,-1,-1,-1,-1,-1,-1,-1,-1,-1,-1,201106111119,artifact
-1,-1,-1,-1,-1,-1,-1,-1,-1,-1,-1,-1,-1,-1,-1,-1,-1,-1,-1,-1,-1,-1,-1,-1,-1,-1,-1,-1,-1,-1,-1,-1,-1,-1,-1,-1,-1,-1,-1,-1,-1,-1,-1,-1,-1,-1,-1,-1,-1,-1,201106121242,artifact
-1,-1,-1,-1,-1,-1,-1,-1,-1,-1,-1,-1,-1,-1,-1,-1,-1,-1,-1,-1,-1,-1,-1,-1,-1,-1,-1,-1,-1,-1,-1,-1,-1,-1,-1,-1,-1,-1,-1,-1,-1,-1,-1,-1,-1,-1,-1,-1,-1,-1,201106121445,artifact
-1,-1,-1,-1,-1,-1,-1,-1,-1,-1,-1,-1,-1,-1,-1,-1,-1,-1,-1,-1,-1,-1,-1,-1,-1,-1,-1,-1,-1,-1,-1,-1,-1,-1,-1,-1,-1,-1,-1,-1,-1,-1,-1,-1,-1,-1,-1,-1,-1,-1,201106131834,artifact
-1,-1,-1,-1,-1,-1,-1,-1,-1,-1,-1,-1,-1,-1,-1,-1,-1,-1,-1,-1,-1,-1,-1,-1,-1,-1,-1,-1,-1,-1,-1,-1,-1,-1,-1,-1,-1,-1,-1,-1,-1,-1,-1,-1,-1,-1,-1,-1,-1,-1,201106131835,artifact
-1,-1,-1,-1,-1,-1,-1,-1,-1,-1,-1,-1,-1,-1,-1,-1,-1,-1,-1,-1,-1,-1,-1,-1,-1,-1,-1,-1,-1,-1,-1,-1,-1,-1,-1,-1,-1,-1,-1,-1,-1,-1,-1,-1,-1,-1,-1,-1,-1,-1,201106141701,artifact
-1,-1,-1,-1,-1,-1,-1,-1,-1,-1,-1,-1,-1,-1,-1,-1,-1,-1,-1,-1,-1,-1,-1,-1,-1,-1,-1,-1,-1,-1,-1,-1,-1,-1,-1,-1,-1,-1,-1,-1,-1,-1,-1,-1,-1,-1,-1,-1,-1,-1,201106161016,artifact
-1,-1,-1,-1,-1,-1,-1,-1,-1,-1,-1,-1,-1,-1,-1,-1,-1,-1,-1,-1,-1,-1,-1,-1,-1,-1,-1,-1,-1,-1,-1,-1,-1,-1,-1,-1,-1,-1,-1,-1,-1,-1,-1,-1,-1,-1,-1,-1,-1,-1,201106161019,artifact
-1,-1,-1,-1,-1,-1,-1,-1,-1,-1,-1,-1,-1,-1,-1,-1,-1,-1,-1,-1,-1,-1,-1,-1,-1,-1,-1,-1,-1,-1,-1,-1,-1,-1,-1,-1,-1,-1,-1,-1,-1,-1,-1,-1,-1,-1,-1,-1,-1,-1,201106161219,artifact
-1,-1,-1,-1,-1,-1,-1,-1,-1,-1,-1,-1,-1,-1,-1,-1,-1,-1,-1,-1,-1,-1,-1,-1,-1,-1,-1,-1,-1,-1,-1,-1,-1,-1,-1,-1,-1,-1,-1,-1,-1,-1,-1,-1,-1,-1,-1,-1,-1,-1,201106171003,artifact
-1,-1,-1,-1,-1,-1,-1,-1,-1,-1,-1,-1,-1,-1,-1,-1,-1,-1,-1,-1,-1,-1,-1,-1,-1,-1,-1,-1,-1,-1,-1,-1,-1,-1,-1,-1,-1,-1,-1,-1,-1,-1,-1,-1,-1,-1,-1,-1,-1,-1,201106190520,artifact
-1,-1,-1,-1,-1,-1,-1,-1,-1,-1,-1,-1,-1,-1,-1,-1,-1,-1,-1,-1,-1,-1,-1,-1,-1,-1,-1,-1,-1,-1,-1,-1,-1,-1,-1,-1,-1,-1,-1,-1,-1,-1,-1,-1,-1,-1,-1,-1,-1,-1,201106211041,artifact
-1,-1,-1,-1,-1,-1,-1,-1,-1,-1,-1,-1,-1,-1,-1,-1,-1,-1,-1,-1,-1,-1,-1,-1,-1,-1,-1,-1,-1,-1,-1,-1,-1,-1,-1,-1,-1,-1,-1,-1,-1,-1,-1,-1,-1,-1,-1,-1,-1,-1,201106211430,artifact
-1,-1,-1,-1,-1,-1,-1,-1,-1,-1,-1,-1,-1,-1,-1,-1,-1,-1,-1,-1,-1,-1,-1,-1,-1,-1,-1,-1,-1,-1,-1,-1,-1,-1,-1,-1,-1,-1,-1,-1,-1,-1,-1,-1,-1,-1,-1,-1,-1,-1,201106212112,artifact
-1,-1,-1,-1,-1,-1,-1,-1,-1,-1,-1,-1,-1,-1,-1,-1,-1,-1,-1,-1,-1,-1,-1,-1,-1,-1,-1,-1,-1,-1,-1,-1,-1,-1,-1,-1,-1,-1,-1,-1,-1,-1,-1,-1,-1,-1,-1,-1,-1,-1,201106220340,artifact
-1,-1,-1,-1,-1,-1,-1,-1,-1,-1,-1,-1,-1,-1,-1,-1,-1,-1,-1,-1,-1,-1,-1,-1,-1,-1,-1,-1,-1,-1,-1,-1,-1,-1,-1,-1,-1,-1,-1,-1,-1,-1,-1,-1,-1,-1,-1,-1,-1,-1,201106221254,artifact
